<?xml version="1.0" encoding="UTF-8"?>
<beans:beans xmlns="http://www.springframework.org/schema/mvc"
	xmlns:xsi="http://www.w3.org/2001/XMLSchema-instance"
	xmlns:beans="http://www.springframework.org/schema/beans"
	xmlns:context="http://www.springframework.org/schema/context"
	xsi:schemaLocation="http://www.springframework.org/schema/mvc https://www.springframework.org/schema/mvc/spring-mvc.xsd
		http://www.springframework.org/schema/beans https://www.springframework.org/schema/beans/spring-beans.xsd
		http://www.springframework.org/schema/context https://www.springframework.org/schema/context/spring-context.xsd">

	<!-- DispatcherServlet Context: defines this servlet's request-processing infrastructure -->
	
	<!-- Enables the Spring MVC @Controller programming model -->
	<annotation-driven />

	<!-- Handles HTTP GET requests for /resources/** by efficiently serving up static resources in the ${webappRoot}/resources directory -->
	<resources mapping="/resources/**" location="/resources/" />

	<!-- Resolves views selected for rendering by @Controllers to .jsp resources in the /WEB-INF/views directory -->
	<beans:bean class="org.springframework.web.servlet.view.InternalResourceViewResolver">
		<beans:property name="prefix" value="/WEB-INF/views/" />
		<beans:property name="suffix" value=".jsp" />
	</beans:bean>
	
	<context:component-scan base-package="com.eatswill.controller" />
 	
 	<!-- 코딩 -->
	<beans:bean id="customDAO" class="com.eatswill.dao.CustomDAO">
		<beans:property name="sessionTemplate" ref="sessionTemplate"/>
	</beans:bean>

 	<!-- E-DAO --> 	
 	<beans:bean id="multipartResolver" class="org.springframework.web.multipart.commons.CommonsMultipartResolver"></beans:bean>
 	
 	<!-- 메일 api -->
 	<beans:bean id="mailSender" class = "org.springframework.mail.javamail.JavaMailSenderImpl">
      <beans:property name="host" value="smtp.gmail.com" />
      <beans:property name="port" value="465" />
      <beans:property name="username" value="shoon0615@gmail.com" />
      <beans:property name="password" value="s1632000" />
      <beans:property name="javaMailProperties">
         <beans:props>
               <beans:prop key="mail.transport.protocol">smtp</beans:prop>
               <beans:prop key="mail.smtp.auth">true</beans:prop>
               <beans:prop key="mail.smtp.starttls.enable">true</beans:prop>
               <beans:prop key="mail.debug">true</beans:prop>
         </beans:props>
      </beans:property> 
   </beans:bean>
	
	<beans:bean id="sessionTemplate" class="org.mybatis.spring.SqlSessionTemplate">
		<beans:constructor-arg ref="sessionFactory"/>
	</beans:bean>

	<beans:bean id="sessionFactory" class="org.mybatis.spring.SqlSessionFactoryBean">
		<beans:property name="dataSource" ref="dataSource"/>
		<beans:property name="configLocation" value="classpath:/mybatis-config.xml"/>
	</beans:bean>

	<beans:bean id="dataSource" class="org.apache.commons.dbcp.BasicDataSource" destroy-method="close">
		<beans:property name="driverClassName" value="oracle.jdbc.driver.OracleDriver"/>
		<beans:property name="url" value="jdbc:oracle:thin:@192.168.16.16:1521:TestDB"/>
		<beans:property name="username" value="proj"/>
		<beans:property name="password" value="a123"/>
	</beans:bean>
	
	<beans:bean id="myUtil" class="com.eatswill.util.MyUtil"/>
	
</beans:beans>
